bs,32
cuda,0
dtype,torch.FloatTensor
eps,0.05
filename,
game,Switch
game_action_space,2
game_action_space_total,4
game_bias,0
game_bottleneck,10
game_colors,2
game_comm_bits,2
game_comm_limited,1
game_comm_sigma,2
game_coop,1
game_dim,28
game_level,extra_hard
game_nagents,3
game_reward_shift,0
game_use_digits,0
game_use_mnist,1
game_vision_net,mlp
gamma,1
learningrate,0.0005
model_action_aware,1
model_avg_q,1
model_bn,1
model_comm_narrow,0
model_dial,0
model_dropout,0
model_know_share,1
model_rnn,gru
model_rnn_layers,2
model_rnn_size,128
model_rnn_states,2
model_target,1
nepisodes,5000
nsteps,6
seed,771428
step,100
step_target,100
step_test,10
threads,1
