e,td_err,td_comm,train_r,test_r,test_opt,test_god,steps,comm_per,te
100,0.040724226209568,0.017578943942499,0.08625,0.16875,0.50625,0.753125,4.815625,1,0.075387818813324
200,0.024485307054128,0.010416612968547,0.24875,0.4,0.53125,0.765625,4.85625,1,0.070760910511017
300,0.078647657521069,0.048016396574676,0.4775,0.5875,0.425,0.7125,4.75625,1,0.07135552406311
400,0.13455065377057,0.084881740510464,0.47625,0.6875,0.53125,0.765625,4.621875,1,0.070144417285919
500,0.12050716280937,0.064371381141245,0.3853125,0.53125,0.525,0.7625,5.003125,1,0.071693594455719
600,0.090390010103583,0.039385588103905,0.348125,0.55,0.4625,0.73125,5.059375,1,0.073048391342163
700,0.089347016587853,0.040176421012729,0.49,0.640625,0.5125,0.75625,4.809375,1,0.07223605632782
800,0.098995340820402,0.051219016043469,0.5028125,0.703125,0.5625,0.78125,4.709375,1,0.068105854988098
900,0.07830706525594,0.043759532477707,0.504375,0.66875,0.475,0.7375,4.9125,1,0.069499311447144
1000,0.090176992714405,0.045887155039236,0.511875,0.6875,0.475,0.7375,4.696875,1,0.067873637676239
1100,0.070484844483435,0.035598822850734,0.5303125,0.728125,0.5375,0.76875,4.653125,1,0.067882440090179
1200,0.073632171195932,0.036433019645046,0.5278125,0.71875,0.5125,0.75625,4.75,1,0.068653507232666
1300,0.080518072685227,0.039262020324823,0.525,0.709375,0.45,0.725,4.59375,1,0.067930772304535
1400,0.084681537048891,0.04034718597075,0.51875,0.71875,0.49375,0.746875,4.665625,1,0.0691952085495
1500,0.076044053686783,0.035742433951236,0.513125,0.725,0.46875,0.734375,4.728125,1,0.069276490211487
1600,0.073827218282968,0.03693921019556,0.5359375,0.725,0.49375,0.746875,4.665625,1,0.068557956218719
1700,0.071787579287775,0.036257702244911,0.55375,0.6875,0.4375,0.71875,4.765625,1,0.068955805301666
1800,0.09085099180229,0.045817278642207,0.533125,0.71875,0.4625,0.73125,4.671875,1,0.069616184234619
1900,0.072931396542117,0.036688307132572,0.5303125,0.7375,0.54375,0.771875,4.6875,1,0.069010860919952
2000,0.073137582675554,0.036133621810004,0.5409375,0.7375,0.49375,0.746875,4.665625,1,0.070331394672394
2100,0.096154739316553,0.047482464509085,0.5359375,0.715625,0.4625,0.73125,4.775,1,0.069103841781616
2200,0.075884622465819,0.036635193317197,0.5225,0.70625,0.45625,0.728125,4.65625,1,0.069641320705414
2300,0.078611410791054,0.040161316264421,0.5375,0.73125,0.4625,0.73125,4.740625,1,0.068882694244385
2400,0.085250609386712,0.041842637741938,0.5328125,0.728125,0.4625,0.73125,4.728125,1,0.068695034980774
2500,0.073287896336988,0.03406427944079,0.54375,0.734375,0.4875,0.74375,4.596875,1,0.068294899463654
2600,0.077472773231566,0.039038241310045,0.5575,0.765625,0.53125,0.765625,4.6625,1,0.069365730285645
2700,0.086057178042829,0.043065095515922,0.575625,0.75625,0.5125,0.75625,4.659375,1,0.068388679027557
2800,0.082340229451656,0.043709733085707,0.5803125,0.7625,0.525,0.7625,4.684375,1,0.069677364826202
2900,0.074730901904404,0.038250337261707,0.550625,0.7625,0.525,0.7625,4.725,1,0.068678171634674
3000,0.077487128796056,0.040492318337783,0.56,0.734375,0.46875,0.734375,4.753125,1,0.068449864387512
3100,0.074159326851368,0.035438130942639,0.5378125,0.753125,0.50625,0.753125,4.703125,1,0.068111867904663
3200,0.071678878702223,0.033629887215793,0.5565625,0.725,0.45,0.725,4.80625,1,0.068474481105804
3300,0.086660968847573,0.042235460537486,0.565,0.71875,0.4375,0.71875,4.73125,1,0.067986431121826
3400,0.087690152656287,0.042907541105524,0.541875,0.740625,0.48125,0.740625,4.684375,1,0.068857483863831
3500,0.066983115924522,0.033291417527944,0.5625,0.7625,0.525,0.7625,4.675,1,0.068384845256805
3600,0.081255218656734,0.040587234878913,0.5415625,0.753125,0.50625,0.753125,4.85625,1,0.067905135154724
3700,0.075135913081467,0.037602130081505,0.5571875,0.740625,0.48125,0.740625,4.721875,1,0.067838237285614
3800,0.073298536064103,0.035429669013247,0.5509375,0.721875,0.44375,0.721875,4.796875,1,0.068722198009491
3900,0.0785408268217,0.039816744849086,0.5390625,0.753125,0.50625,0.753125,4.68125,1,0.070006542205811
4000,0.07157365293242,0.036514318012632,0.5353125,0.721875,0.44375,0.721875,4.925,1,0.069040372371674
4100,0.076440832987428,0.03883925432805,0.5384375,0.771875,0.54375,0.771875,4.646875,1,0.069110643863678
4200,0.082237143320963,0.040604414581321,0.5440625,0.715625,0.43125,0.715625,4.796875,1,0.067724280357361
4300,0.078356681484729,0.037616568156518,0.5571875,0.79375,0.5875,0.79375,4.546875,1,0.067931008338928
4400,0.078473368547857,0.038808033186942,0.5528125,0.6875,0.375,0.6875,4.7875,1,0.068680126667023
4500,0.075176852280274,0.038149796552025,0.53125,0.775,0.55,0.775,4.615625,1,0.068741118907928
4600,0.076863463846967,0.038413061844185,0.5525,0.725,0.45,0.725,4.7375,1,0.067947993278503
4700,0.077274440531619,0.038792275988963,0.5546875,0.734375,0.46875,0.734375,4.665625,1,0.06851322889328
4800,0.078084076992236,0.038293309232686,0.54875,0.76875,0.5375,0.76875,4.653125,1,0.068201606273651
4900,0.080465653147548,0.037527438178658,0.560625,0.740625,0.48125,0.740625,4.828125,1,0.069030406475067
5000,0.069889999642037,0.035310379117727,0.560625,0.7875,0.575,0.7875,4.5875,1,0.068430240154266
